titel;text;datum_erstellt;uuid
Test;Test;1775394899;033e93d5-d5ab-4c99-818a-234ccb33bbbc
Japanisches Hinwerfen;;1775551258;1b615d25-d8e9-4b3e-ba29-83c837b58300
Chinesicher Kampfkunst;;1775551284;4b9d2b5f-9f8b-47ad-b951-b399be2e3806
israelischer Nahkampf;;1775551312;fccb2da4-5c67-4818-9baf-2cf1f62a6f43
Test;Test;1776082883;8ad84b36-b191-44ab-b518-885c2206eebd
Test;Noch ein Test;1776862277;ffab6527-6e32-4ab5-baee-bf76c9b73895
Japan schmeckt nach Kirsche;Probetext erster Durchgang;1776941556;0dfbefcc-886e-42ca-8ef9-691eac488ac3
Korea Sunrise;iCH TRETTE dIR GERNE IN DIE fRESSE;1776943019;3970bb7a-a0ab-4de0-be29-ab413f40d221
Testveranstaltung;Hier noch ein Test;1776943833;ea10758a-83ef-4776-92e2-1f25e5b68963
Der Kampfsport aus dem Urwald;Hier wird noch richtig reingehauen.;1776948507;479db996-1195-45c2-a2e6-211551611e66
Der Tritt in das Gesciht;tut ganz schön weh.....;1776948841;3451c006-7b82-4891-be31-1a39f572761a
Testdaten;sind zum Testen da;1777461916;767d9f59-7200-49e1-87b2-00921281f001
Mitgliederversammlung;;1681768800;c4460576-682c-4700-99bd-cb9f55704e4e
Training;;1720476000;348a8959-c12e-4a93-bec8-587ea7caa6ef
Vorstandssitzung;Genehmigt;1626818400;350096e5-fb67-41cb-a726-500f31ca85b3
Vorstandssitzung;;1761778800;5050a5e2-93d6-4042-b818-58af9ff64681
Verletzung;;1631397600;927ac57a-162f-4e91-971c-b299af9d8fda
Jahreshauptversammlung;Erfolgreich absolviert;1578178800;ea43ce5b-a88a-4d15-8404-522b164861e7
Ferien;Teilnahme bestätigt;1633212000;7472bb47-6d8b-475b-9653-c0e0d1cd2724
Jahreshauptversammlung;Wichtige Information;1643410800;4e25e592-a9fc-41b5-960d-7ed71d344cca
Training;;1690408800;61470c7b-1f6b-4fbf-a999-ddac6d7261a3
Lehrgang;Bitte beachten;1681682400;8d52278f-2625-4200-9ce6-521180a4aba3
Verletzung;Genehmigt;1593122400;a6619a6d-3da0-4e47-9fa6-2e63595dffd1
Sponsoring;;1663452000;116b82b4-77eb-45a2-9d3c-d9a672a3f795
Ferien;;1663452000;9fbe7740-be49-4d47-9faf-e2d4103da200
Sommerfest;Bitte beachten;1669244400;498ba623-8b96-4b86-84ec-50cc347d9c9a
Workshop;;1771628400;5d6c20d0-37f3-4686-acdb-424134ef1c8d
Sonderaktion;Antrag gestellt;1762642800;e5242baa-abcd-4241-9b2d-b260af241594
Sponsoring;Genehmigt;1668726000;836165c7-37e5-4ecb-92df-930c6f4910b7
Verletzung;Wichtige Information;1731538800;b7087991-7f6d-4e07-94a3-8c8c308345e2
Jahreshauptversammlung;;1657490400;b2c1cad3-3674-4408-94e2-c27f00773c25
Vorstandssitzung;;1629410400;5c9b749c-3e7e-4a4d-9489-af2ad05b20d7
Weihnachtsfeier;;1609801200;b45da00c-7b5e-449f-a031-a08580d0218b
Prüfung;;1638054000;53656ca9-7d48-4729-b6c7-cdf9eeab75dc
Training;Wichtige Information;1585864800;5cbf2e32-0589-4fc1-be2a-bbbbf4fbf7b3
Lehrgang;Rücksprache erforderlich;1613430000;7e6e97c2-cb63-42cd-9e47-d86d7aa0c621
Sommerfest;;1745359200;486ba015-5f03-48c9-a4c4-d6b7ee0e043c
Weihnachtsfeier;;1651183200;2b5b30c2-548f-479e-84c7-696e737c4fa8
Turnier;;1675983600;6f6b041f-8adf-446c-b583-c78f14b32bc4
Vorstandssitzung;Erfolgreich absolviert;1704322800;05e7f197-0789-4f3c-90a3-01a9e301b6d4
Jubiläum;Teilnahme bestätigt;1711839600;7429aae3-6d53-4b77-be6b-f6964aca3e6a
Sonderaktion;Bitte beachten;1747346400;0d20a94e-44f3-4f98-b8a9-77fc9781c47b
Turnier;;1700175600;7937f00e-b543-41ac-baef-4e94fae71388
Jahreshauptversammlung;Antrag gestellt;1675724400;afb7ac26-6cc5-4409-a1dc-769366c8cb83
Workshop;Teilnahme bestätigt;1731106800;b564529a-1dd5-4b0b-af7c-af41669af565
Wettkampf;Bitte beachten;1714773600;46d0bd15-38a6-4d61-9e47-b02d0b663040
Mitgliedsbeitrag;Erinnerung an Zahlung;1682978400;8a9bf98f-a572-4a75-9ac3-4774afb85870
Jubiläum;Bitte beachten;1603576800;39ecd848-087b-4bbc-99e9-58e319c0a220
Turnier;;1633644000;324a34e1-27d4-4ee6-8216-86fa5f01ce4a
Ferien;Rücksprache erforderlich;1702767600;afdb9e5d-73bc-4d55-8e65-623fab859ac9
Training;;1724191200;336a59cc-98c9-4255-b7a7-30731d1f6fd0
Geburtstag;Genehmigt;1765321200;ceac30f0-9c27-4592-b95c-29775fc9a306
Lehrgang;Erinnerung an Zahlung;1797894000;d36b1a90-083d-4844-8e5b-92f3c254f2f5
Weihnachtsfeier;Erfolgreich absolviert;1796511600;517c1400-973d-421f-a3a6-123dfe545c67
Workshop;Erinnerung an Zahlung;1660168800;505d2eae-3053-437f-bd50-7be4b086a969
Gürtelprüfung;;1583017200;e5b2d0a4-e600-42d3-992d-9768ef7c41f3
Kooperation;Antrag gestellt;1698098400;07b86c81-6bd3-4e27-82a6-05037fd35541
Kooperation;Rücksprache erforderlich;1717538400;f8a8e54d-72af-479d-91c0-39461ce23ec3
Sonderaktion;Dokument eingereicht;1614639600;25232cea-6741-4527-8ab5-c807605d2747
Jubiläum;Bitte beachten;1613343600;4aa7add7-f483-4c41-abd9-42554aa1d541
Workshop;;1703113200;24e60528-aeaa-468c-9625-0129ed100760
Weihnachtsfeier;;1773702000;6106761b-fcba-4adb-a83f-e605200e21e5
Wettkampf;Erfolgreich absolviert;1610233200;eabc4d02-270b-4423-83a3-01a8e7f72443
Wettkampf;Teilnahme bestätigt;1772146800;bbfa2e21-3e45-4a28-bf49-53ca82b6566c
Jahreshauptversammlung;Bitte beachten;1629756000;7be6b10a-d27e-4e3c-a6a8-eff248e40b54
Gürtelprüfung;Erinnerung an Zahlung;1609282800;465436bc-308e-492f-836d-565d69388565
Sommerfest;;1668034800;d6d268c5-fce2-4643-ae61-68d8f93f4f06
Jubiläum;Antrag gestellt;1774908000;d309016c-f28f-4bdf-ba87-f369ddc52ce1
Mitgliederversammlung;;1684447200;233ad079-5017-482e-8b1b-7412024e2e90
Prüfung;Antrag gestellt;1699570800;d9e47cb9-fba5-4796-b464-a917ba415a55
Prüfung;;1768690800;ec0d8a26-1708-4d70-8b00-9031ace16f1a
Sommerfest;;1716415200;3c8b70c1-0765-47e0-b8de-7276b3213473
Mitgliedsbeitrag;;1676070000;6bd8917d-eea1-4aa3-b463-6079dc565f98
Training;Wichtige Information;1732057200;4503e16e-176a-4217-938f-b1b525e8f9e8
Kooperation;;1678662000;7024f5e6-4632-4bf5-a735-4486d73e94c6
Gürtelprüfung;Wichtige Information;1760220000;182ccc67-ba75-41ce-9dfb-b6560b0580e5
Training;Antrag gestellt;1700521200;396fcc23-a4ad-47a0-a718-f42abbd86c92
Ferien;Wichtige Information;1610492400;45242495-9aef-4a93-9315-b32515df9d4b
Geburtstag;Erinnerung an Zahlung;1780696800;7c2f0741-31e0-475e-b2db-4fbc6164bcac
Weihnachtsfeier;Wichtige Information;1763074800;02b97218-96ae-4757-a9e0-f772af484686
Jahreshauptversammlung;Wichtige Information;1771628400;31c9293a-af35-485b-a03b-f7e6a96aed0e
Kooperation;Teilnahme bestätigt;1588716000;75fb95c3-9664-4a48-a709-d913c1396e44
Sommerfest;;1731625200;9f256a58-9cbc-4451-b1ee-c314430b1d83
Workshop;Bitte beachten;1716156000;fc1c1da8-52e8-4849-9e08-8942f09a9b9f
Kooperation;;1590012000;1e4b846b-eabb-4115-bad3-798932f30faa
Sponsoring;Antrag gestellt;1645657200;dbdf5073-3f87-4b9a-b5d6-f7f7b1a97cc7
Turnier;Wichtige Information;1706223600;9ea83ea3-1208-444e-8bc0-924d560c31b5
Workshop;;1686348000;8d5fcf9a-ff22-4c97-b8de-c7753fdc29fe
Verletzung;Erinnerung an Zahlung;1664575200;46b2e9fa-cead-41f5-ba0c-758dbcf6b9da
Jubiläum;Erinnerung an Zahlung;1588975200;3701e711-aac0-48c6-96a9-e50384d5a1fa
Wettkampf;Erfolgreich absolviert;1728856800;5caaa351-de6c-498f-993d-c0d9d4b8bd9e
Mitgliedsbeitrag;;1613862000;9cffa427-5110-4813-b202-907b44780803
Training;Antrag gestellt;1624744800;dfc61431-6843-4377-a2a2-848698592052
Lehrgang;Rücksprache erforderlich;1721858400;9749a6d1-97ff-4323-950e-108b902655bd
Verletzung;Rücksprache erforderlich;1598824800;49f0a9d3-6a84-4cd3-a9c0-05299799f8fd
Training;Genehmigt;1663279200;cbec5a33-5235-4fb0-81d0-6f10751a186b
Mitgliederversammlung;;1601330400;ff431c8a-2030-4059-83c9-383693c5742c
Wettkampf;Rücksprache erforderlich;1614207600;9618b89d-8927-48f6-9b51-a6b0fb8c6650
Sonderaktion;Erfolgreich absolviert;1663711200;6258b032-9c52-414c-8a22-37e46c40cfee
Mitgliedsbeitrag;Antrag gestellt;1608937200;0623ad98-9ec5-4158-b1ba-e0ab99be5657
Sonderaktion;Teilnahme bestätigt;1733439600;55828957-6826-4cd8-a80b-64ea83ca8029
Jubiläum;Erfolgreich absolviert;1757196000;c86bc16c-913e-4c61-ac37-e61d9d345787
Weihnachtsfeier;Erfolgreich absolviert;1650405600;246e05c1-1f5f-4361-88f5-dabc40d7ab52
Gürtelprüfung;Teilnahme bestätigt;1649109600;15c868cf-1558-45cc-bb25-5064f3e42845
Training;Antrag gestellt;1727042400;2b98b3ea-3729-4487-938d-75b08359a852
Ferien;;1592604000;a300d0f7-bed5-4751-bb99-5711776a28b4
Sommerfest;Wichtige Information;1728684000;e4d8a5ae-b23e-498a-bff1-3d3bbdad3803
Sonderaktion;Antrag gestellt;1620511200;f7a14eb6-ad64-4c2f-86ce-0bec9a3f9bc6
Gürtelprüfung;Rücksprache erforderlich;1730761200;dc8771ca-fb4e-46be-98d3-09bb781dfa95
Jubiläum;Antrag gestellt;1709247600;24149396-21a4-40d5-bfa9-d4a2cc84f01e
Sponsoring;Wichtige Information;1649887200;c0272123-276c-4b12-a1fe-ef635bc8154d
Training;;1686175200;ba39f795-2d38-42ff-88df-b744d8e871ea
